link,react
https://www.facebook.com/share/p/iAxNWnmsWA6vM6F2/,"1,9K"
https://www.facebook.com/share/p/nxB8iuuSmVkYbLFZ/,"1,1K"
https://www.facebook.com/share/p/yFcRj6AHU95ZbSkh/,110
https://www.facebook.com/share/p/c8V8f2orZDw7kXNF/,163
https://www.facebook.com/share/p/fmAPJcuWPrYseJyz/,523
https://www.facebook.com/share/p/c6xbsBifdKiyMGCc/,110
https://www.facebook.com/share/p/GZW4oiuALgWD1xXa/,880
https://www.facebook.com/share/p/ioQqgTZwz1jTYxoe/,293
https://www.facebook.com/share/p/kiVn7km7CB8sSLjU/,56
https://www.facebook.com/share/p/bgPm9GgP1L4U3RZp/,113
https://www.facebook.com/share/p/GXu8ydwu4bUzJ4vV/,33
https://www.facebook.com/share/p/wnzpLB2yf5wK1zZn/,27
https://www.facebook.com/share/p/keC95PmXCyURGevE/,248
https://www.facebook.com/share/p/UeahfB4gHWL5TUHS/,75
https://www.facebook.com/share/p/hos8M4d1pjeKojpz/,135
https://www.facebook.com/share/p/Phk2NbAsWf5tjRR5/,183
https://www.facebook.com/share/p/21YVwWWCs82ACpCA/,39
https://www.facebook.com/share/p/nTwGB85tq32HibwY/,113
https://www.facebook.com/share/p/ep9d5sWsB8LHz994/,73
